"","Ankyrodrilus_legaeus","Cambarincola_gracilis","Cambarincola_holti","Cirrodrilus_suzukii","Triannulata_magna.fa","Theromyzon_tessulatum","Xironogiton_victoriensis","Branchiobdella_kobayashi","Branchiobdella_parasita","Antarctodrilus_proboscidea","Haenopis_sanguisuga","Bdellodrilus_illuminatus"
"100070at6656",1657,1657,1657,1657,1657,1657,NA,NA,NA,NA,NA,NA
"100136at6656",2864,2864,2864,NA,2864,2864,2864,2864,2864,2864,2864,NA
"100216at6656",2416,NA,2416,NA,2416,NA,2416,2416,NA,NA,2416,NA
"100227at6656",NA,NA,NA,NA,3007,NA,NA,3007,NA,NA,3007,3007
"100296at6656",1869,NA,1869,1869,1869,1869,NA,1869,1869,1869,1869,1869
"100612at6656",2253,2253,2253,2253,2253,2253,2253,2253,2253,2253,2253,2253
"100664at6656",3231,3231,3231,3231,3231,3231,3231,3231,3231,NA,3231,3231
"100673at6656",NA,NA,2358,2358,2358,2358,NA,NA,NA,NA,2358,2358
"100760at6656",NA,NA,NA,1610,NA,1610,1610,NA,NA,1610,NA,1610
"101359at6656",2437,NA,NA,2437,NA,NA,2437,2437,2437,2437,NA,NA
"101491at6656",1468,NA,NA,NA,NA,NA,NA,1468,NA,NA,NA,NA
"101531at6656",2085,NA,2085,2085,2085,NA,2085,NA,2085,NA,2085,2085
"101621at6656",1699,NA,NA,1699,1699,1699,NA,1699,1699,NA,1699,NA
"101727at6656",4050,4050,4050,4050,4050,4050,4050,4050,4050,4050,NA,NA
"101767at6656",2438,NA,2438,2438,2438,NA,2438,2438,2438,2438,2438,2438
"101829at6656",1901,1901,1901,1901,1901,NA,NA,1901,NA,1901,1901,1901
"101886at6656",1362,1362,1362,1362,1362,1362,1362,1362,1362,1362,1362,1362
"102321at6656",3350,3350,3350,3350,3350,3350,3350,3350,3350,3350,3350,3350
"10240at6656",3180,NA,3180,3180,3180,NA,NA,3180,3180,NA,NA,NA
"102714at6656",3300,3300,3300,3300,3300,NA,NA,3300,3300,3300,NA,3300
"102770at6656",4361,4361,4361,NA,4361,4361,4361,4361,4361,4361,4361,4361
"103125at6656",2445,NA,2445,2445,NA,2445,2445,2445,2445,2445,2445,2445
"103207at6656",3856,3856,3856,3856,3856,NA,3856,3856,3856,3856,3856,NA
"103479at6656",NA,2439,2439,2439,2439,NA,NA,2439,2439,NA,2439,NA
"103590at6656",NA,NA,NA,NA,NA,2124,NA,NA,NA,NA,2124,NA
"103747at6656",NA,NA,NA,NA,3367,NA,NA,NA,3367,NA,3367,NA
"103749at6656",4325,4325,4325,4325,NA,NA,4325,4325,4325,4325,NA,NA
"103752at6656",2619,2619,2619,NA,2619,NA,2619,2619,2619,2619,2619,2619
"103908at6656",1868,1868,1868,NA,1868,1868,NA,1868,1868,1868,1868,1868
"103914at6656",3285,3285,3285,3285,3285,3285,3285,3285,3285,NA,3285,3285
"104063at6656",2126,2126,2126,2126,2126,2126,2126,2126,2126,2126,2126,2126
"104122at6656",1723,NA,1723,1723,NA,1723,1723,NA,NA,NA,1723,1723
"104198at6656",2927,2927,2927,2927,2927,2927,2927,2927,2927,2927,NA,2927
"104410at6656",4889,4889,4889,4889,4889,NA,4889,4889,4889,4889,4889,4889
"104588at6656",2202,2202,2202,2202,2202,2202,2202,2202,2202,NA,2202,2202
"104595at6656",2094,2094,2094,2094,NA,NA,NA,NA,NA,NA,NA,NA
"104604at6656",3273,NA,3273,3273,3273,3273,NA,3273,3273,3273,NA,3273
"104769at6656",3578,3578,3578,NA,3578,3578,3578,3578,3578,NA,3578,3578
"104898at6656",2184,2184,2184,NA,2184,NA,2184,2184,2184,NA,2184,NA
"105000at6656",2092,2092,2092,2092,2092,NA,2092,2092,2092,NA,2092,2092
"105099at6656",2880,2880,2880,NA,2880,NA,NA,2880,2880,2880,2880,2880
"105170at6656",3820,3820,3820,3820,NA,3820,NA,3820,3820,NA,3820,NA
"105364at6656",1478,1478,1478,1478,1478,1478,1478,1478,1478,NA,NA,1478
"105457at6656",2082,2082,2082,2082,2082,2082,2082,2082,2082,2082,2082,2082
"10573at6656",7175,7175,7175,7175,7175,NA,NA,7175,NA,7175,7175,7175
"105771at6656",NA,NA,1955,1955,NA,NA,1955,1955,NA,NA,NA,1955
"105887at6656",NA,NA,NA,17305,NA,17305,NA,17305,17305,17305,17305,17305
"106116at6656",NA,NA,NA,3112,3112,3112,3112,3112,3112,NA,3112,NA
"106126at6656",3246,3246,3246,3246,3246,NA,3246,NA,NA,NA,3246,NA
"106466at6656",NA,3024,NA,NA,NA,NA,NA,NA,NA,NA,NA,3024
"106634at6656",4407,4407,4407,4407,4407,NA,4407,4407,4407,NA,4407,4407
"106639at6656",2398,2398,2398,NA,2398,2398,2398,2398,2398,2398,2398,2398
"106788at6656",2449,2449,2449,2449,2449,2449,2449,2449,2449,2449,2449,2449
"106988at6656",3441,NA,NA,3441,3441,NA,3441,3441,NA,3441,3441,NA
"107030at6656",3435,3435,3435,3435,3435,NA,3435,3435,NA,NA,NA,3435
"107139at6656",1812,1812,1812,1812,1812,1812,1812,1812,1812,1812,1812,1812
"107226at6656",2501,2501,NA,2501,NA,NA,NA,2501,2501,2501,2501,2501
"107353at6656",3067,NA,3067,NA,3067,3067,NA,3067,NA,NA,NA,3067
"107427at6656",2680,2680,2680,NA,NA,2680,2680,2680,2680,2680,2680,NA
"107453at6656",NA,4356,4356,4356,4356,4356,4356,4356,4356,NA,4356,4356
"107615at6656",NA,1555,1555,1555,1555,NA,1555,NA,1555,1555,1555,1555
"107802at6656",NA,1769,1769,1769,NA,1769,NA,1769,NA,NA,1769,1769
"107806at6656",2895,2895,2895,2895,2895,2895,2895,NA,2895,NA,NA,2895
"108162at6656",2102,2102,2102,2102,2102,2102,2102,2102,2102,2102,2102,NA
"108207at6656",2291,2291,2291,2291,2291,NA,2291,2291,NA,2291,2291,2291
"108240at6656",1592,1592,1592,1592,1592,1592,1592,1592,1592,1592,1592,NA
"108693at6656",4529,4529,4529,4529,4529,4529,4529,4529,4529,4529,4529,4529
"108702at6656",1986,1986,1986,NA,1986,1986,1986,1986,1986,NA,1986,NA
"108705at6656",NA,3993,NA,NA,NA,NA,3993,NA,3993,3993,NA,NA
"108808at6656",NA,2467,2467,2467,2467,2467,NA,2467,2467,2467,2467,2467
"109131at6656",3111,NA,3111,3111,3111,3111,3111,3111,3111,NA,NA,3111
"109174at6656",1682,NA,1682,1682,1682,NA,1682,1682,1682,NA,1682,1682
"109325at6656",1930,1930,1930,1930,1930,NA,1930,1930,1930,1930,1930,1930
"109444at6656",3562,3562,3562,3562,3562,3562,3562,3562,3562,3562,3562,3562
"109484at6656",1675,1675,1675,NA,1675,1675,1675,1675,1675,NA,1675,NA
"109562at6656",3124,3124,3124,3124,3124,NA,3124,3124,NA,NA,3124,3124
"109664at6656",3388,3388,3388,NA,3388,NA,NA,3388,3388,3388,NA,3388
"109724at6656",1898,1898,1898,1898,NA,NA,NA,NA,1898,NA,NA,NA
"109793at6656",2090,2090,2090,2090,2090,2090,NA,2090,2090,NA,NA,2090
"109919at6656",2595,2595,NA,NA,2595,NA,2595,2595,2595,2595,NA,2595
"109923at6656",1875,1875,1875,1875,1875,NA,1875,1875,1875,1875,1875,NA
"110129at6656",1699,1699,1699,1699,1699,1699,1699,1699,1699,NA,1699,1699
"110504at6656",2188,NA,NA,2188,2188,NA,2188,2188,2188,2188,2188,2188
"110787at6656",6251,6251,6251,6251,NA,6251,6251,6251,6251,NA,6251,6251
"110982at6656",3741,3741,3741,3741,3741,NA,3741,3741,3741,NA,3741,3741
"111082at6656",2399,NA,2399,2399,NA,2399,2399,NA,NA,2399,2399,2399
"111153at6656",3362,NA,3362,NA,3362,NA,3362,NA,3362,3362,3362,NA
"111239at6656",3744,3744,3744,3744,3744,NA,3744,3744,3744,3744,3744,3744
"111545at6656",1581,NA,NA,NA,NA,NA,NA,1581,NA,1581,1581,1581
"111851at6656",5931,5931,5931,5931,5931,5931,5931,5931,5931,5931,5931,5931
"112328at6656",2331,2331,2331,2331,2331,2331,2331,2331,2331,NA,2331,2331
"112360at6656",2514,2514,NA,2514,2514,NA,NA,2514,2514,NA,2514,2514
"112556at6656",3936,3936,3936,3936,3936,NA,NA,3936,3936,NA,3936,3936
"112634at6656",1718,1718,1718,NA,1718,1718,1718,1718,1718,1718,1718,1718
"112645at6656",4322,4322,4322,4322,4322,4322,4322,4322,4322,4322,4322,4322
"112759at6656",NA,NA,2135,2135,2135,NA,2135,2135,NA,NA,2135,NA
"113015at6656",NA,NA,NA,NA,2736,NA,2736,2736,2736,2736,2736,NA
"113300at6656",3704,3704,3704,NA,3704,3704,3704,3704,3704,3704,3704,3704
"113432at6656",2591,2591,2591,NA,2591,NA,2591,2591,2591,NA,2591,2591
"113604at6656",2912,2912,2912,2912,2912,2912,2912,2912,2912,2912,2912,2912
"113622at6656",4763,4763,4763,4763,4763,4763,4763,4763,4763,4763,4763,4763
"113641at6656",3687,3687,3687,3687,3687,3687,3687,3687,3687,3687,3687,3687
"113668at6656",3514,NA,3514,NA,3514,3514,NA,3514,3514,3514,3514,NA
"113713at6656",3282,3282,3282,NA,3282,3282,NA,3282,3282,NA,3282,NA
"113817at6656",2678,NA,2678,2678,2678,2678,NA,2678,NA,NA,2678,2678
"113818at6656",2694,2694,2694,NA,2694,2694,2694,2694,2694,NA,2694,2694
"11384at6656",5396,5396,5396,5396,5396,5396,5396,5396,5396,5396,5396,5396
"113865at6656",2387,2387,2387,2387,2387,NA,2387,2387,NA,2387,2387,2387
"114019at6656",3130,NA,NA,3130,3130,NA,3130,3130,3130,3130,3130,3130
"114360at6656",2458,2458,2458,2458,2458,2458,2458,2458,2458,2458,2458,NA
"114463at6656",1950,1950,1950,NA,1950,1950,1950,1950,1950,1950,1950,NA
"114738at6656",1851,1851,1851,1851,1851,NA,1851,1851,1851,1851,1851,NA
"114765at6656",2512,NA,2512,NA,NA,2512,2512,NA,NA,2512,NA,NA
"115001at6656",NA,1284,1284,1284,1284,NA,1284,NA,1284,NA,1284,1284
"115208at6656",NA,NA,2047,NA,2047,NA,NA,NA,NA,NA,2047,NA
"115229at6656",2326,2326,NA,2326,2326,2326,2326,2326,2326,2326,2326,2326
"115252at6656",3441,NA,NA,3441,3441,3441,NA,NA,NA,3441,3441,NA
"115256at6656",1875,1875,1875,NA,NA,1875,1875,NA,NA,NA,1875,NA
"115462at6656",2736,NA,NA,NA,2736,NA,NA,NA,2736,NA,2736,NA
"115537at6656",NA,NA,1937,NA,NA,1937,1937,NA,NA,NA,1937,NA
"115841at6656",2247,2247,2247,2247,2247,NA,2247,2247,2247,2247,2247,2247
"115917at6656",3261,3261,3261,NA,NA,NA,3261,3261,NA,NA,3261,3261
"115959at6656",2925,2925,2925,2925,2925,NA,2925,2925,NA,NA,NA,2925
"115986at6656",2036,2036,2036,2036,2036,NA,2036,2036,2036,2036,2036,2036
"116117at6656",1360,1360,1360,1360,1360,1360,1360,1360,1360,1360,1360,1360
"116401at6656",1648,1648,1648,1648,1648,NA,1648,1648,1648,1648,1648,1648
"116608at6656",3924,3924,3924,3924,3924,3924,3924,3924,3924,3924,3924,3924
"116688at6656",3061,3061,3061,3061,3061,3061,3061,3061,3061,3061,3061,3061
"1166at6656",NA,NA,NA,7953,7953,7953,7953,7953,7953,NA,7953,7953
"116804at6656",1229,1229,NA,1229,NA,NA,NA,1229,1229,NA,NA,1229
"116982at6656",NA,1965,1965,1965,1965,NA,1965,1965,1965,NA,1965,1965
"117173at6656",4560,NA,4560,4560,4560,4560,4560,4560,4560,4560,4560,4560
"117335at6656",2749,2749,2749,2749,2749,2749,2749,2749,2749,2749,2749,2749
"117399at6656",2099,NA,2099,2099,NA,NA,2099,2099,2099,NA,2099,NA
"117413at6656",2431,2431,NA,2431,2431,2431,2431,2431,2431,NA,2431,2431
"117586at6656",1793,1793,1793,NA,1793,NA,1793,1793,1793,NA,1793,NA
"117742at6656",2507,2507,2507,2507,2507,2507,2507,2507,NA,NA,2507,2507
"117811at6656",1694,1694,1694,NA,1694,1694,1694,1694,1694,1694,1694,1694
"117843at6656",3968,3968,3968,3968,3968,NA,3968,3968,3968,3968,NA,3968
"117947at6656",NA,NA,2634,2634,2634,2634,2634,2634,2634,2634,2634,2634
"118014at6656",4170,4170,4170,4170,4170,4170,4170,4170,4170,4170,4170,4170
"118037at6656",NA,NA,NA,NA,NA,NA,2657,2657,NA,NA,2657,NA
"118496at6656",1440,NA,1440,1440,1440,1440,1440,1440,NA,NA,1440,1440
"118527at6656",1471,1471,1471,NA,1471,1471,1471,1471,1471,1471,1471,1471
"118761at6656",2593,NA,2593,2593,2593,2593,2593,NA,2593,NA,2593,2593
"118780at6656",1822,1822,1822,NA,1822,1822,NA,NA,1822,NA,1822,NA
"118807at6656",1948,1948,1948,NA,1948,NA,1948,1948,1948,NA,1948,1948
"118831at6656",NA,NA,NA,NA,NA,1421,1421,NA,1421,NA,1421,NA
"118904at6656",2109,2109,2109,NA,2109,NA,2109,2109,NA,2109,2109,2109
"119012at6656",1633,NA,1633,1633,1633,NA,1633,1633,1633,NA,1633,1633
"119144at6656",2175,2175,2175,2175,2175,NA,2175,2175,NA,2175,2175,2175
"119188at6656",NA,2237,2237,NA,NA,NA,2237,NA,NA,2237,2237,2237
"119194at6656",3076,3076,3076,3076,3076,3076,3076,3076,3076,3076,3076,3076
"119438at6656",3059,3059,3059,3059,NA,3059,3059,3059,3059,3059,3059,3059
"119541at6656",2692,2692,2692,2692,2692,2692,2692,2692,2692,2692,2692,2692
"119951at6656",2285,2285,NA,NA,2285,2285,NA,2285,2285,NA,2285,2285
"120047at6656",3455,NA,3455,3455,3455,3455,3455,3455,3455,3455,3455,3455
"12029at6656",3886,3886,3886,3886,3886,3886,3886,3886,3886,3886,3886,NA
"120383at6656",2391,NA,2391,NA,2391,NA,2391,2391,NA,NA,NA,2391
"120445at6656",2833,NA,2833,NA,2833,2833,2833,2833,2833,NA,2833,2833
"120875at6656",2273,2273,2273,2273,2273,2273,2273,2273,2273,NA,2273,2273
"120907at6656",3574,3574,3574,NA,3574,3574,3574,3574,3574,3574,3574,3574
"120958at6656",2936,2936,2936,2936,2936,NA,2936,2936,2936,2936,2936,NA
"121002at6656",3711,3711,3711,NA,3711,3711,3711,NA,3711,NA,3711,3711
"121220at6656",NA,NA,3014,NA,3014,3014,3014,NA,NA,NA,3014,NA
"121530at6656",2170,2170,2170,2170,2170,2170,2170,2170,NA,NA,2170,2170
"121558at6656",4463,4463,4463,4463,4463,4463,4463,4463,4463,NA,4463,4463
"12174at6656",NA,NA,NA,4450,NA,NA,NA,4450,NA,NA,NA,NA
"121847at6656",1821,NA,1821,NA,1821,1821,1821,1821,NA,NA,1821,1821
"122665at6656",5728,5728,5728,5728,5728,5728,5728,5728,5728,5728,5728,5728
"122816at6656",2267,NA,2267,2267,2267,2267,NA,2267,NA,2267,NA,NA
"123035at6656",2100,2100,2100,2100,2100,2100,2100,2100,2100,2100,2100,2100
"123320at6656",3195,3195,3195,3195,3195,NA,3195,3195,3195,3195,3195,3195
"123631at6656",13053,13053,13053,NA,13053,13053,13053,13053,13053,13053,13053,13053
"123672at6656",4136,NA,4136,NA,4136,NA,4136,4136,4136,4136,4136,4136
"123790at6656",NA,NA,NA,NA,NA,NA,1704,NA,NA,NA,1704,1704
"123793at6656",2376,2376,2376,2376,2376,2376,2376,2376,2376,NA,2376,NA
"12383at6656",3075,NA,3075,NA,3075,NA,NA,3075,3075,3075,3075,3075
"123853at6656",2151,2151,2151,2151,NA,2151,2151,2151,NA,2151,2151,2151
"124174at6656",1955,1955,1955,1955,1955,1955,NA,NA,NA,NA,1955,NA
"124282at6656",2533,2533,2533,NA,2533,2533,NA,2533,NA,NA,2533,2533
"124400at6656",2544,2544,2544,NA,2544,2544,2544,2544,2544,NA,2544,2544
"124452at6656",NA,NA,3281,NA,3281,3281,3281,3281,NA,NA,3281,3281
"124628at6656",2099,NA,NA,NA,2099,2099,2099,2099,NA,2099,2099,NA
"124707at6656",NA,2911,2911,NA,2911,2911,2911,2911,2911,2911,2911,NA
"124720at6656",3047,3047,3047,3047,3047,3047,3047,3047,3047,3047,3047,3047
"124730at6656",2610,2610,2610,2610,2610,2610,NA,NA,NA,2610,2610,2610
"124981at6656",2361,2361,2361,2361,2361,2361,2361,2361,NA,NA,2361,NA
"125127at6656",2922,2922,2922,NA,2922,2922,2922,2922,2922,2922,2922,NA
"125210at6656",2037,2037,2037,2037,2037,2037,2037,2037,2037,2037,2037,2037
"125234at6656",1762,1762,1762,1762,1762,NA,NA,1762,1762,NA,1762,1762
"125238at6656",NA,NA,NA,NA,NA,1066,NA,NA,NA,NA,1066,NA
"125414at6656",1672,1672,1672,1672,1672,NA,1672,1672,1672,1672,1672,1672
"125446at6656",3020,3020,3020,3020,3020,3020,3020,3020,3020,3020,3020,3020
"125452at6656",1842,NA,NA,NA,NA,1842,NA,NA,NA,NA,1842,NA
"125716at6656",1688,1688,1688,NA,1688,1688,1688,1688,1688,NA,1688,1688
"126074at6656",1731,NA,1731,NA,1731,1731,1731,1731,NA,NA,1731,1731
"126225at6656",3480,3480,3480,3480,3480,3480,3480,3480,3480,3480,3480,3480
"126442at6656",3422,NA,3422,NA,3422,NA,3422,NA,3422,NA,3422,3422
"126483at6656",2168,2168,2168,NA,2168,NA,2168,NA,2168,2168,2168,NA
"126733at6656",2239,NA,2239,NA,2239,2239,2239,NA,2239,2239,2239,2239
"127349at6656",2069,2069,2069,NA,2069,NA,2069,2069,2069,NA,NA,2069
"127511at6656",NA,1815,1815,NA,1815,1815,1815,NA,1815,1815,1815,NA
"127602at6656",1312,NA,NA,NA,NA,1312,NA,NA,NA,NA,1312,1312
"127649at6656",1896,1896,1896,1896,NA,1896,1896,1896,NA,1896,1896,1896
"127661at6656",1998,1998,1998,1998,1998,1998,1998,1998,1998,1998,1998,1998
"12771at6656",3591,3591,NA,3591,3591,NA,NA,3591,3591,NA,3591,3591
"127775at6656",1484,1484,1484,1484,1484,1484,1484,1484,NA,1484,1484,1484
"127998at6656",3530,3530,3530,3530,3530,3530,3530,3530,3530,3530,3530,3530
"128030at6656",1834,1834,1834,1834,NA,1834,1834,1834,1834,1834,1834,1834
"128188at6656",NA,2513,NA,NA,NA,NA,2513,NA,NA,NA,2513,NA
"128216at6656",5002,5002,5002,5002,5002,5002,5002,5002,5002,5002,5002,5002
"128331at6656",1681,NA,1681,NA,1681,1681,1681,1681,NA,NA,1681,NA
"128464at6656",2872,2872,2872,2872,2872,2872,2872,2872,2872,NA,2872,2872
"12846at6656",NA,3200,3200,3200,3200,NA,3200,3200,3200,NA,3200,NA
"128916at6656",3193,3193,3193,NA,3193,NA,3193,3193,3193,NA,3193,3193
"129077at6656",1578,NA,1578,NA,1578,1578,1578,1578,1578,NA,1578,1578
"129131at6656",2136,NA,2136,NA,2136,NA,2136,NA,NA,2136,2136,2136
"129200at6656",2257,NA,2257,NA,NA,2257,2257,2257,2257,NA,2257,NA
"129593at6656",2211,2211,2211,2211,2211,2211,2211,2211,2211,2211,2211,2211
"129618at6656",1871,NA,NA,NA,NA,NA,NA,NA,NA,NA,1871,1871
"129675at6656",NA,NA,NA,2692,2692,NA,NA,2692,2692,2692,2692,2692
"129886at6656",2313,2313,2313,2313,2313,NA,2313,2313,2313,2313,2313,NA
"129989at6656",2059,2059,2059,2059,2059,2059,2059,2059,2059,2059,2059,2059
"130105at6656",2069,2069,2069,2069,2069,2069,2069,2069,2069,NA,2069,2069
"130126at6656",1675,1675,1675,1675,1675,NA,NA,1675,1675,1675,1675,1675
"130176at6656",1619,NA,1619,1619,1619,NA,1619,1619,1619,NA,1619,1619
"130363at6656",3418,3418,3418,3418,3418,3418,3418,3418,3418,3418,3418,3418
"130514at6656",1869,1869,1869,1869,1869,NA,1869,1869,1869,1869,1869,1869
"130563at6656",NA,NA,1438,NA,1438,1438,1438,NA,1438,NA,NA,1438
"130663at6656",1077,1077,1077,1077,1077,1077,1077,1077,1077,1077,1077,1077
"130825at6656",2670,2670,2670,NA,2670,2670,NA,2670,NA,NA,2670,NA
"130923at6656",1689,1689,1689,NA,NA,NA,NA,1689,NA,1689,1689,1689
"131495at6656",4507,4507,4507,NA,4507,4507,NA,4507,4507,4507,4507,4507
"131516at6656",2375,2375,NA,2375,2375,2375,NA,2375,2375,2375,2375,2375
"131588at6656",NA,NA,NA,NA,NA,NA,762,NA,NA,NA,762,NA
"131642at6656",3651,3651,3651,3651,3651,3651,3651,3651,3651,NA,3651,3651
"131668at6656",2019,NA,2019,NA,2019,2019,2019,2019,2019,2019,2019,NA
"131720at6656",1358,NA,NA,1358,1358,NA,1358,1358,NA,NA,1358,NA
"131751at6656",NA,NA,NA,NA,1869,1869,NA,1869,1869,NA,1869,NA
"131921at6656",NA,2329,2329,NA,NA,NA,2329,2329,2329,NA,2329,NA
"132329at6656",2649,2649,2649,2649,2649,2649,2649,NA,2649,NA,2649,2649
"132340at6656",1857,1857,1857,1857,1857,1857,1857,1857,1857,1857,1857,1857
"132441at6656",1851,1851,1851,1851,1851,NA,1851,1851,NA,1851,1851,1851
"132495at6656",4465,4465,4465,4465,4465,NA,4465,4465,4465,NA,4465,NA
"132760at6656",1323,1323,1323,NA,1323,NA,1323,1323,1323,NA,1323,1323
"132854at6656",2343,2343,2343,NA,2343,2343,2343,2343,2343,NA,2343,NA
"132857at6656",1975,1975,1975,1975,1975,NA,1975,1975,1975,NA,1975,NA
"133015at6656",2015,2015,2015,2015,2015,2015,2015,2015,2015,NA,2015,2015
"133329at6656",2467,NA,2467,2467,NA,2467,NA,2467,2467,NA,2467,2467
"133362at6656",1690,1690,1690,1690,1690,1690,1690,1690,1690,1690,NA,1690
"133422at6656",NA,1863,NA,1863,1863,1863,1863,1863,1863,1863,1863,NA
"133603at6656",3778,3778,3778,NA,3778,NA,3778,3778,3778,NA,3778,3778
"133735at6656",2714,2714,NA,NA,2714,NA,2714,2714,2714,NA,2714,2714
"133949at6656",4250,NA,4250,4250,4250,NA,4250,NA,NA,NA,4250,NA
"134073at6656",2290,NA,2290,NA,NA,NA,NA,2290,2290,NA,2290,2290
"134209at6656",2825,2825,2825,NA,2825,NA,2825,NA,NA,NA,2825,2825
"134216at6656",2949,2949,2949,2949,2949,2949,2949,2949,NA,NA,2949,2949
"134673at6656",2852,2852,2852,2852,2852,2852,NA,NA,NA,2852,2852,2852
"134708at6656",2610,2610,2610,NA,NA,NA,NA,2610,2610,2610,2610,2610
"134776at6656",NA,NA,NA,NA,NA,1493,NA,1493,NA,NA,1493,NA
"134835at6656",NA,NA,2899,2899,NA,NA,NA,NA,2899,2899,2899,NA
"134853at6656",2388,2388,2388,2388,2388,2388,2388,2388,2388,2388,2388,2388
"134865at6656",NA,NA,4057,NA,4057,NA,4057,4057,NA,NA,4057,4057
"134885at6656",2997,2997,2997,2997,2997,2997,2997,2997,2997,NA,2997,2997
"135065at6656",2010,2010,2010,2010,2010,2010,2010,2010,2010,2010,2010,2010
"135075at6656",1213,1213,1213,1213,1213,1213,1213,1213,1213,1213,1213,1213
"135107at6656",1597,1597,1597,1597,1597,1597,1597,1597,1597,1597,1597,1597
"135123at6656",1424,1424,NA,NA,1424,NA,1424,1424,NA,1424,NA,1424
"135203at6656",1934,1934,1934,1934,1934,NA,1934,1934,1934,NA,1934,1934
"135204at6656",2192,2192,2192,2192,2192,NA,2192,2192,2192,2192,2192,2192
"135215at6656",2761,2761,2761,NA,2761,2761,2761,2761,NA,NA,2761,2761
"135357at6656",2691,2691,NA,2691,2691,NA,2691,2691,2691,2691,2691,2691
"135373at6656",2393,2393,2393,2393,2393,2393,NA,2393,2393,NA,2393,2393
"135391at6656",6536,NA,6536,6536,6536,6536,6536,6536,6536,6536,6536,6536
"135526at6656",2158,2158,2158,2158,2158,NA,2158,2158,2158,NA,2158,2158
"135676at6656",2854,2854,2854,NA,2854,2854,2854,2854,2854,2854,2854,2854
"135690at6656",1849,1849,1849,1849,1849,1849,NA,NA,1849,NA,1849,1849
"135702at6656",1583,1583,1583,1583,1583,1583,1583,1583,1583,1583,1583,1583
"135764at6656",2161,NA,2161,NA,2161,NA,2161,2161,NA,NA,2161,2161
"135828at6656",2284,2284,2284,NA,2284,NA,2284,2284,NA,2284,2284,2284
"135834at6656",3231,3231,3231,3231,3231,3231,NA,3231,3231,3231,3231,NA
"135859at6656",2086,2086,2086,2086,2086,2086,2086,2086,2086,NA,2086,2086
"135975at6656",1608,1608,1608,1608,1608,NA,1608,1608,NA,1608,NA,NA
"136055at6656",1878,1878,1878,1878,1878,1878,1878,1878,1878,1878,1878,1878
"136095at6656",4017,4017,4017,4017,4017,4017,4017,4017,4017,4017,4017,4017
"136119at6656",2225,NA,2225,NA,NA,2225,2225,2225,2225,NA,2225,NA
"136224at6656",1491,1491,NA,NA,NA,NA,NA,1491,1491,1491,NA,NA
"136365at6656",1642,1642,1642,1642,1642,1642,NA,1642,1642,NA,1642,NA
"136559at6656",NA,NA,NA,4909,NA,4909,4909,4909,4909,NA,4909,NA
"136888at6656",5633,5633,5633,5633,5633,5633,5633,5633,5633,NA,5633,5633
"137050at6656",2780,2780,2780,2780,2780,2780,2780,2780,2780,2780,2780,2780
"137197at6656",NA,NA,NA,NA,NA,2423,2423,NA,NA,NA,2423,NA
"137334at6656",2444,2444,2444,NA,NA,2444,2444,2444,2444,2444,2444,2444
"137338at6656",956,956,956,956,NA,956,956,956,956,956,NA,NA
"13736at6656",4216,NA,NA,4216,NA,NA,NA,4216,NA,NA,4216,NA
"137422at6656",2297,NA,2297,NA,2297,NA,NA,2297,2297,NA,2297,2297
"137609at6656",1992,NA,1992,NA,1992,NA,1992,1992,1992,NA,1992,1992
"137688at6656",2515,NA,2515,2515,2515,NA,2515,2515,NA,NA,2515,2515
"137711at6656",2149,2149,2149,2149,2149,2149,2149,2149,2149,2149,2149,2149
"138243at6656",1831,NA,1831,NA,NA,NA,NA,NA,NA,NA,1831,NA
"138271at6656",3023,3023,3023,3023,3023,3023,3023,3023,3023,3023,3023,3023
"13833at6656",3630,3630,3630,3630,3630,3630,3630,3630,NA,NA,3630,NA
"138379at6656",2095,NA,2095,2095,2095,2095,2095,2095,2095,2095,2095,2095
"138401at6656",2269,2269,2269,2269,2269,2269,2269,2269,2269,2269,2269,2269
"138502at6656",2787,NA,2787,2787,2787,2787,2787,2787,2787,NA,2787,2787
"138553at6656",3556,3556,3556,3556,3556,3556,3556,3556,3556,NA,3556,3556
"13858at6656",3022,3022,3022,3022,3022,NA,3022,3022,NA,3022,3022,3022
"138659at6656",2678,2678,2678,2678,2678,2678,2678,2678,2678,2678,2678,2678
"138684at6656",1858,NA,1858,1858,1858,1858,1858,1858,1858,NA,1858,1858
"13890at6656",4074,4074,4074,4074,NA,NA,NA,4074,NA,NA,4074,4074
"138937at6656",1712,1712,1712,1712,1712,NA,1712,1712,NA,1712,NA,NA
"139217at6656",2093,2093,2093,NA,2093,2093,2093,NA,2093,2093,2093,2093
"13934at6656",6369,6369,6369,6369,6369,NA,NA,6369,NA,6369,6369,6369
"139553at6656",2616,2616,2616,NA,2616,2616,2616,2616,2616,2616,2616,NA
"139638at6656",1356,1356,1356,1356,1356,1356,1356,1356,1356,1356,1356,1356
"139744at6656",1792,1792,1792,1792,1792,1792,1792,1792,1792,NA,1792,1792
"139834at6656",1759,1759,1759,1759,1759,1759,1759,1759,1759,1759,1759,1759
"140076at6656",1464,1464,1464,1464,1464,1464,1464,1464,1464,NA,1464,1464
"140197at6656",3270,3270,3270,3270,NA,3270,3270,3270,NA,3270,3270,3270
"140198at6656",4003,4003,4003,NA,4003,4003,NA,4003,NA,4003,4003,NA
"140403at6656",1654,1654,1654,1654,1654,1654,1654,1654,1654,1654,1654,1654
"140461at6656",2795,2795,2795,2795,NA,NA,2795,2795,2795,2795,2795,2795
"140693at6656",1948,1948,1948,1948,1948,1948,1948,1948,1948,1948,1948,1948
"140874at6656",1853,1853,1853,1853,1853,1853,1853,NA,1853,1853,1853,1853
"140903at6656",1767,1767,1767,1767,1767,NA,1767,1767,NA,1767,1767,1767
"14090at6656",NA,NA,NA,NA,NA,NA,NA,3474,NA,NA,3474,NA
"141163at6656",3053,3053,3053,3053,3053,NA,3053,3053,3053,NA,3053,3053
"141166at6656",1461,NA,NA,NA,NA,1461,NA,1461,NA,NA,1461,1461
"141175at6656",2651,2651,2651,2651,2651,2651,2651,2651,2651,2651,2651,2651
"141298at6656",1524,1524,1524,1524,1524,1524,1524,1524,1524,1524,1524,1524
"141804at6656",2779,2779,2779,2779,2779,2779,2779,2779,2779,2779,2779,2779
"141859at6656",1948,1948,NA,1948,1948,1948,1948,1948,1948,1948,1948,NA
"141916at6656",2536,2536,2536,2536,2536,NA,2536,2536,2536,2536,2536,NA
"142388at6656",2006,2006,2006,2006,2006,2006,2006,2006,2006,2006,2006,NA
"142415at6656",2382,2382,2382,2382,2382,2382,2382,2382,2382,2382,2382,2382
"142522at6656",3276,NA,NA,3276,3276,3276,3276,3276,NA,3276,3276,3276
"14257at6656",5129,5129,5129,5129,5129,5129,5129,5129,5129,5129,5129,5129
"142613at6656",2012,2012,2012,2012,2012,2012,2012,2012,2012,2012,2012,2012
"142833at6656",NA,NA,NA,NA,NA,1427,1427,NA,NA,1427,1427,1427
"143154at6656",1922,1922,1922,1922,1922,1922,1922,1922,1922,NA,1922,NA
"143279at6656",1279,1279,1279,1279,1279,1279,1279,1279,1279,1279,1279,1279
"143459at6656",5205,NA,NA,NA,NA,5205,5205,5205,NA,NA,5205,5205
"143489at6656",NA,NA,NA,NA,NA,NA,NA,1013,1013,NA,1013,1013
"143562at6656",3900,3900,3900,3900,3900,NA,3900,3900,NA,NA,3900,3900
"143626at6656",1842,1842,1842,1842,1842,1842,1842,1842,1842,1842,1842,1842
"143709at6656",NA,NA,NA,2408,2408,NA,2408,2408,NA,NA,2408,NA
"143930at6656",2516,2516,2516,2516,2516,2516,2516,2516,2516,NA,2516,2516
"144337at6656",1273,1273,1273,1273,1273,1273,1273,1273,NA,NA,1273,NA
"144652at6656",1689,1689,NA,1689,NA,1689,NA,1689,NA,NA,NA,NA
"144836at6656",NA,NA,NA,NA,NA,1301,NA,NA,NA,1301,1301,NA
"144851at6656",1767,1767,1767,NA,1767,1767,NA,1767,1767,NA,1767,NA
"144853at6656",1849,1849,1849,1849,1849,1849,1849,1849,1849,1849,1849,1849
"145102at6656",3756,3756,3756,3756,3756,3756,3756,3756,3756,3756,3756,3756
"145443at6656",2880,NA,2880,2880,2880,2880,NA,2880,2880,NA,2880,NA
"145610at6656",2265,2265,2265,2265,2265,2265,2265,2265,2265,2265,2265,2265
"145811at6656",2159,2159,2159,2159,2159,2159,2159,2159,2159,2159,2159,2159
"145996at6656",2117,2117,2117,2117,2117,2117,2117,2117,2117,2117,2117,2117
"146007at6656",NA,2682,NA,NA,2682,NA,2682,2682,NA,NA,2682,2682
"146087at6656",1103,NA,NA,NA,1103,1103,NA,NA,1103,1103,1103,1103
"146102at6656",1028,1028,1028,1028,1028,1028,1028,1028,1028,1028,1028,1028
"146103at6656",2141,2141,2141,2141,2141,2141,2141,2141,2141,2141,2141,2141
"146383at6656",2919,2919,2919,2919,2919,NA,2919,2919,2919,2919,2919,2919
"146600at6656",2638,NA,2638,2638,2638,NA,2638,2638,2638,NA,2638,2638
"146920at6656",1684,1684,1684,1684,1684,1684,NA,1684,1684,1684,1684,1684
"147002at6656",1983,1983,1983,1983,1983,NA,1983,1983,1983,NA,1983,1983
"147322at6656",2009,2009,2009,NA,2009,2009,NA,2009,2009,NA,2009,2009
"147657at6656",NA,1662,1662,1662,1662,NA,1662,1662,1662,NA,NA,1662
"147723at6656",1857,1857,1857,1857,1857,1857,1857,1857,1857,1857,1857,1857
"147852at6656",NA,NA,NA,NA,NA,1773,NA,NA,NA,NA,1773,NA
"147891at6656",2856,2856,2856,2856,2856,2856,2856,2856,2856,2856,2856,NA
"147980at6656",2106,2106,2106,2106,2106,2106,2106,2106,2106,NA,2106,2106
"148134at6656",1727,1727,1727,1727,1727,1727,1727,1727,1727,1727,1727,1727
"148619at6656",1489,1489,1489,1489,1489,1489,1489,1489,1489,NA,1489,1489
"148851at6656",1667,1667,1667,1667,1667,1667,1667,1667,1667,NA,1667,1667
"148890at6656",5212,5212,5212,5212,5212,5212,5212,5212,5212,5212,5212,5212
"149101at6656",3875,3875,3875,NA,3875,NA,3875,3875,NA,3875,3875,3875
"149126at6656",4862,4862,4862,NA,4862,4862,4862,NA,4862,NA,4862,4862
"149251at6656",7064,7064,7064,NA,7064,NA,7064,7064,7064,NA,7064,NA
"149405at6656",2942,2942,2942,2942,2942,2942,2942,2942,NA,2942,2942,2942
"149680at6656",2315,NA,2315,NA,2315,NA,2315,2315,2315,NA,2315,2315
"149796at6656",2390,2390,2390,2390,2390,2390,2390,NA,2390,2390,2390,2390
"149819at6656",2385,2385,2385,2385,2385,2385,NA,2385,2385,2385,2385,2385
"14995at6656",NA,NA,NA,NA,NA,NA,NA,4106,NA,NA,NA,4106
"149973at6656",NA,1899,1899,1899,1899,NA,1899,1899,1899,1899,1899,1899
"149977at6656",1417,1417,1417,NA,1417,1417,1417,1417,1417,NA,1417,NA
"150005at6656",2733,2733,2733,2733,2733,NA,2733,2733,2733,2733,2733,2733
"150049at6656",1183,1183,NA,1183,1183,1183,NA,1183,1183,NA,1183,NA
"150182at6656",1623,1623,1623,NA,1623,NA,1623,1623,NA,1623,1623,1623
"150251at6656",1814,1814,NA,NA,1814,NA,NA,1814,NA,NA,1814,1814
"150327at6656",3803,3803,3803,3803,3803,3803,3803,3803,3803,NA,3803,3803
"150479at6656",2104,2104,2104,2104,2104,2104,2104,2104,2104,NA,2104,NA
"150583at6656",NA,NA,NA,1214,1214,1214,NA,1214,NA,1214,1214,1214
"150585at6656",1806,1806,1806,1806,1806,1806,1806,1806,1806,1806,1806,1806
"150667at6656",1081,1081,1081,1081,1081,1081,1081,1081,1081,NA,1081,1081
"150765at6656",3621,3621,3621,3621,3621,3621,3621,3621,3621,3621,3621,3621
"151102at6656",1235,1235,1235,NA,1235,1235,1235,1235,1235,NA,1235,1235
"151111at6656",1279,1279,1279,NA,1279,NA,1279,1279,NA,NA,1279,NA
"151114at6656",1838,1838,1838,1838,1838,1838,1838,1838,1838,NA,NA,1838
"151393at6656",2734,2734,2734,2734,NA,NA,NA,2734,2734,NA,NA,2734
"151436at6656",NA,1613,1613,1613,1613,1613,1613,1613,1613,NA,1613,1613
"151642at6656",2079,2079,2079,2079,2079,2079,2079,2079,2079,2079,2079,2079
"151658at6656",2510,2510,2510,2510,NA,2510,2510,2510,2510,NA,NA,NA
"15200at6656",4573,4573,4573,4573,4573,4573,4573,4573,4573,NA,4573,4573
"152032at6656",2946,2946,2946,2946,2946,2946,2946,2946,2946,2946,2946,2946
"152109at6656",NA,5765,5765,5765,NA,5765,5765,5765,NA,5765,5765,5765
"152402at6656",1428,1428,1428,NA,1428,1428,1428,1428,1428,1428,1428,1428
"152534at6656",2771,2771,2771,2771,2771,2771,2771,2771,2771,NA,2771,2771
"152871at6656",1759,1759,1759,NA,1759,1759,1759,1759,1759,NA,1759,1759
"153155at6656",1919,1919,1919,1919,1919,1919,1919,1919,1919,NA,1919,1919
"153232at6656",4275,4275,4275,4275,4275,4275,4275,4275,4275,4275,4275,4275
"153312at6656",4152,4152,4152,4152,4152,4152,NA,4152,4152,4152,4152,4152
"153534at6656",2169,2169,2169,2169,2169,2169,2169,2169,2169,2169,2169,2169
"153693at6656",1497,1497,1497,NA,NA,1497,1497,1497,NA,1497,1497,1497
"153873at6656",1453,1453,1453,NA,1453,NA,1453,1453,NA,1453,1453,1453
"154133at6656",2258,NA,2258,NA,NA,2258,2258,2258,NA,2258,2258,2258
"154415at6656",3043,3043,3043,3043,3043,3043,3043,3043,3043,3043,3043,3043
"154507at6656",NA,1341,1341,1341,1341,1341,1341,1341,1341,1341,1341,NA
"155285at6656",2471,2471,2471,2471,2471,2471,2471,2471,NA,2471,2471,2471
"156057at6656",1620,1620,1620,1620,1620,1620,1620,1620,1620,NA,1620,1620
"156081at6656",1767,1767,1767,1767,1767,1767,1767,1767,1767,1767,1767,1767
"156111at6656",1970,1970,1970,1970,NA,1970,1970,1970,1970,1970,1970,1970
"156305at6656",1538,1538,1538,NA,1538,NA,NA,1538,1538,1538,1538,1538
"156395at6656",2204,2204,2204,2204,2204,2204,2204,NA,2204,NA,2204,2204
"156728at6656",3853,3853,3853,3853,3853,3853,3853,3853,3853,3853,3853,3853
"156824at6656",1680,1680,1680,1680,1680,1680,1680,1680,1680,NA,1680,1680
"156882at6656",2203,2203,2203,NA,2203,2203,2203,NA,NA,2203,2203,2203
"156975at6656",3082,3082,3082,3082,3082,NA,3082,3082,3082,3082,3082,3082
"15697at6656",3738,NA,NA,3738,NA,3738,3738,3738,3738,NA,NA,NA
"157486at6656",1827,1827,1827,1827,1827,1827,1827,1827,NA,1827,1827,1827
"157579at6656",2111,2111,2111,NA,2111,NA,2111,2111,2111,2111,2111,2111
"157851at6656",1394,1394,1394,NA,NA,1394,1394,1394,1394,1394,1394,1394
"157879at6656",4158,NA,4158,4158,4158,4158,4158,NA,4158,NA,4158,4158
"158194at6656",2500,2500,2500,2500,2500,2500,2500,NA,2500,2500,2500,2500
"158760at6656",NA,NA,NA,NA,NA,NA,NA,NA,NA,1705,1705,NA
"15905at6656",NA,3593,3593,3593,3593,NA,3593,3593,3593,3593,3593,3593
"159231at6656",1192,1192,1192,1192,1192,NA,1192,1192,1192,NA,1192,1192
"159420at6656",2349,2349,2349,2349,2349,2349,2349,2349,2349,2349,2349,2349
"159542at6656",2907,2907,2907,2907,2907,2907,2907,2907,2907,2907,2907,NA
"16061at6656",NA,3824,3824,NA,3824,3824,3824,3824,3824,NA,NA,NA
"160675at6656",1411,1411,1411,1411,1411,1411,1411,1411,1411,1411,1411,1411
"160705at6656",2993,2993,2993,2993,NA,NA,2993,2993,2993,NA,2993,2993
"16084at6656",4363,4363,4363,4363,NA,NA,NA,4363,NA,NA,4363,4363
"161435at6656",3181,3181,3181,3181,3181,3181,3181,3181,3181,3181,NA,NA
"162059at6656",2559,2559,2559,2559,2559,2559,2559,2559,2559,2559,2559,2559
"162147at6656",3519,3519,3519,NA,3519,NA,3519,3519,3519,NA,3519,NA
"16220at6656",4576,4576,4576,4576,4576,NA,4576,4576,4576,4576,4576,4576
"162594at6656",2243,2243,2243,2243,2243,2243,2243,2243,2243,2243,2243,2243
"162628at6656",4040,4040,4040,4040,4040,4040,4040,4040,4040,4040,4040,4040
"162841at6656",2522,2522,2522,NA,2522,NA,2522,2522,2522,2522,2522,2522
"163670at6656",1975,1975,1975,1975,1975,NA,NA,1975,1975,1975,1975,1975
"163896at6656",2377,2377,2377,2377,2377,2377,2377,2377,2377,2377,2377,2377
"164354at6656",2022,2022,2022,2022,2022,2022,2022,2022,2022,2022,2022,2022
"164512at6656",2248,2248,2248,NA,2248,2248,2248,NA,2248,2248,2248,2248
"165142at6656",1523,1523,1523,1523,1523,1523,1523,1523,1523,1523,1523,1523
"165207at6656",2958,2958,2958,2958,2958,2958,2958,2958,2958,NA,2958,2958
"165493at6656",1997,1997,1997,1997,1997,1997,1997,1997,1997,1997,1997,1997
"16630at6656",4126,4126,4126,4126,4126,NA,4126,4126,4126,NA,4126,4126
"166476at6656",1782,1782,1782,1782,1782,1782,1782,1782,1782,1782,1782,1782
"166479at6656",2121,2121,2121,2121,2121,2121,2121,2121,2121,2121,2121,2121
"166485at6656",1793,1793,1793,1793,1793,1793,1793,1793,1793,1793,1793,1793
"16648at6656",NA,NA,NA,NA,NA,NA,NA,NA,1396,NA,NA,1396
"169220at6656",NA,NA,3027,NA,NA,3027,3027,3027,NA,3027,3027,3027
"17096at6656",6053,NA,6053,6053,6053,NA,6053,6053,NA,NA,6053,6053
"17122at6656",NA,4955,4955,4955,NA,4955,4955,4955,NA,NA,4955,4955
"17128at6656",4728,4728,4728,4728,NA,NA,4728,4728,NA,NA,NA,4728
"17748at6656",NA,3497,3497,NA,3497,NA,3497,3497,3497,NA,3497,NA
"18055at6656",3759,NA,3759,3759,3759,NA,3759,3759,3759,NA,3759,3759
"18073at6656",4335,4335,NA,NA,4335,NA,4335,4335,4335,4335,4335,4335
"18630at6656",5410,5410,5410,5410,5410,NA,NA,5410,5410,NA,5410,5410
"1885at6656",NA,NA,NA,NA,NA,NA,NA,5354,NA,NA,5354,5354
"18929at6656",2724,2724,2724,2724,2724,2724,NA,2724,2724,NA,NA,2724
"19058at6656",5887,5887,5887,5887,5887,5887,5887,5887,5887,5887,5887,5887
"19104at6656",3028,NA,NA,NA,NA,NA,NA,NA,NA,3028,3028,NA
"19129at6656",NA,NA,2988,NA,2988,NA,NA,2988,2988,NA,2988,2988
"19208at6656",3756,3756,3756,3756,3756,3756,3756,3756,3756,3756,3756,3756
"19289at6656",3982,3982,3982,3982,3982,3982,3982,3982,3982,3982,NA,3982
"19760at6656",NA,NA,4635,NA,NA,NA,4635,4635,4635,NA,4635,4635
"1990at6656",NA,NA,5947,5947,NA,NA,NA,5947,NA,NA,5947,5947
"20093at6656",NA,NA,3022,NA,3022,NA,3022,NA,NA,NA,NA,3022
"20162at6656",NA,NA,4502,NA,4502,NA,NA,4502,NA,NA,4502,NA
"20267at6656",NA,NA,4330,4330,4330,NA,4330,NA,4330,NA,NA,4330
"20935at6656",3540,3540,3540,3540,3540,3540,3540,3540,3540,NA,3540,3540
"20936at6656",NA,NA,NA,3412,NA,NA,NA,NA,NA,NA,3412,NA
"21019at6656",6313,6313,6313,6313,6313,6313,6313,6313,6313,6313,6313,6313
"21191at6656",3591,3591,3591,3591,NA,3591,3591,3591,3591,NA,3591,3591
"21361at6656",NA,NA,NA,NA,NA,NA,NA,3213,3213,NA,3213,NA
"21367at6656",NA,NA,3818,NA,3818,NA,3818,3818,NA,NA,3818,3818
"21385at6656",5417,5417,5417,5417,5417,5417,5417,5417,5417,5417,5417,5417
"2148at6656",NA,NA,NA,5223,NA,NA,NA,NA,5223,NA,NA,5223
"22098at6656",4193,4193,4193,4193,4193,4193,4193,4193,4193,4193,4193,4193
"22148at6656",NA,NA,4104,4104,4104,NA,4104,4104,NA,NA,4104,4104
"22364at6656",3952,3952,3952,3952,3952,NA,3952,3952,NA,NA,3952,NA
"22468at6656",NA,NA,NA,NA,NA,NA,NA,4164,4164,4164,NA,4164
"22611at6656",5211,5211,5211,5211,NA,NA,5211,5211,NA,NA,5211,NA
"22887at6656",4668,4668,4668,4668,NA,NA,4668,4668,4668,4668,4668,4668
"23309at6656",5334,5334,5334,5334,NA,NA,5334,5334,5334,NA,5334,5334
"23388at6656",4059,NA,4059,4059,4059,NA,4059,4059,NA,NA,4059,4059
"23429at6656",NA,3011,NA,NA,NA,NA,NA,3011,NA,NA,NA,3011
"23917at6656",3627,3627,3627,3627,NA,3627,3627,3627,NA,NA,NA,3627
"24255at6656",3159,3159,3159,NA,3159,NA,3159,3159,3159,NA,NA,NA
"24427at6656",NA,NA,3603,NA,NA,NA,NA,NA,NA,NA,3603,NA
"24459at6656",2524,2524,NA,2524,2524,NA,2524,2524,NA,NA,2524,2524
"24556at6656",NA,NA,NA,NA,NA,NA,NA,3616,NA,NA,3616,NA
"2456at6656",3867,3867,3867,NA,3867,3867,3867,3867,NA,3867,3867,NA
"24573at6656",3379,3379,NA,NA,NA,3379,NA,NA,NA,NA,3379,NA
"2473at6656",NA,NA,NA,NA,NA,NA,NA,6277,NA,NA,6277,NA
"25554at6656",5529,5529,5529,5529,5529,5529,5529,5529,5529,5529,5529,5529
"25680at6656",NA,4047,4047,NA,NA,NA,NA,4047,4047,NA,4047,4047
"26078at6656",3670,3670,3670,3670,NA,NA,NA,3670,NA,3670,NA,NA
"26653at6656",3339,3339,3339,NA,3339,3339,3339,3339,NA,NA,3339,3339
"26734at6656",5217,5217,5217,5217,5217,5217,5217,5217,5217,NA,5217,5217
"27198at6656",6179,6179,6179,6179,NA,6179,NA,6179,6179,NA,6179,NA
"27515at6656",2434,NA,2434,2434,2434,2434,NA,NA,NA,NA,2434,2434
"27617at6656",NA,2274,NA,NA,NA,NA,2274,2274,2274,NA,2274,NA
"27655at6656",5305,5305,5305,5305,NA,5305,5305,5305,5305,NA,5305,5305
"28380at6656",NA,NA,NA,NA,NA,4429,NA,NA,NA,4429,NA,NA
"28519at6656",3953,3953,3953,NA,3953,3953,3953,3953,3953,NA,3953,3953
"28685at6656",3522,3522,3522,3522,NA,3522,3522,3522,3522,NA,3522,3522
"28872at6656",NA,3340,3340,3340,3340,NA,NA,NA,NA,NA,3340,NA
"29213at6656",6211,6211,6211,6211,6211,NA,6211,6211,NA,NA,6211,6211
"29237at6656",2388,2388,NA,2388,NA,NA,2388,2388,2388,2388,2388,2388
"29365at6656",2650,2650,2650,2650,2650,NA,2650,2650,2650,NA,2650,2650
"29730at6656",4027,4027,4027,4027,4027,4027,4027,4027,4027,4027,4027,4027
"29744at6656",3237,NA,3237,NA,NA,NA,3237,3237,3237,NA,3237,NA
"30156at6656",NA,NA,4440,4440,4440,NA,NA,4440,4440,NA,4440,NA
"30184at6656",3144,3144,NA,NA,3144,3144,3144,3144,3144,NA,3144,3144
"30267at6656",NA,NA,4904,4904,NA,NA,NA,4904,NA,NA,4904,4904
"30463at6656",3189,NA,3189,3189,NA,NA,3189,3189,3189,NA,NA,3189
"30512at6656",6107,6107,6107,6107,6107,6107,6107,6107,6107,6107,6107,6107
"30642at6656",NA,NA,4174,NA,4174,NA,4174,4174,NA,4174,4174,4174
"30822at6656",2766,2766,2766,2766,2766,2766,NA,2766,2766,2766,2766,2766
"30918at6656",4666,4666,4666,4666,4666,4666,4666,4666,4666,4666,4666,4666
"30962at6656",4238,NA,4238,4238,NA,4238,4238,NA,NA,NA,4238,4238
"31014at6656",5484,5484,NA,NA,5484,NA,5484,5484,5484,NA,NA,NA
"31119at6656",NA,3560,3560,3560,3560,NA,NA,3560,3560,NA,3560,3560
"31196at6656",4233,4233,4233,4233,4233,NA,4233,4233,4233,NA,NA,NA
"31333at6656",2645,2645,2645,2645,2645,2645,2645,2645,2645,2645,2645,2645
"31480at6656",4121,NA,4121,NA,4121,NA,NA,4121,NA,4121,4121,4121
"31615at6656",3236,NA,3236,NA,3236,NA,3236,3236,NA,3236,3236,NA
"31634at6656",3605,NA,NA,3605,3605,NA,NA,3605,3605,NA,NA,3605
"31820at6656",NA,NA,NA,NA,NA,NA,3012,NA,NA,NA,3012,NA
"31886at6656",3115,NA,3115,3115,NA,NA,3115,3115,3115,NA,3115,3115
"31919at6656",NA,NA,NA,NA,NA,2859,2859,2859,NA,NA,2859,2859
"32694at6656",3563,3563,3563,3563,3563,NA,3563,3563,3563,NA,3563,3563
"32851at6656",3108,NA,3108,NA,3108,NA,NA,3108,3108,NA,3108,NA
"3310at6656",6037,6037,6037,6037,NA,6037,NA,6037,6037,6037,6037,6037
"33566at6656",3851,3851,3851,3851,3851,3851,3851,3851,3851,3851,3851,3851
"33794at6656",2550,2550,NA,NA,2550,2550,NA,2550,NA,NA,2550,2550
"34586at6656",3544,3544,3544,3544,3544,3544,NA,3544,3544,NA,NA,3544
"34917at6656",2482,2482,NA,NA,2482,NA,2482,2482,2482,NA,2482,2482
"35035at6656",4384,4384,4384,4384,4384,4384,4384,4384,NA,NA,4384,4384
"35548at6656",2632,2632,2632,2632,NA,NA,NA,2632,2632,NA,NA,2632
"35680at6656",3019,NA,3019,3019,3019,NA,NA,NA,3019,3019,3019,3019
"35708at6656",3374,NA,3374,NA,3374,3374,3374,3374,3374,3374,3374,NA
"3585at6656",9178,9178,9178,9178,9178,9178,9178,9178,9178,NA,9178,9178
"35995at6656",3518,3518,3518,3518,3518,NA,3518,3518,3518,NA,3518,3518
"36374at6656",NA,NA,2931,NA,2931,2931,NA,2931,NA,NA,2931,2931
"36387at6656",2712,2712,2712,2712,NA,2712,2712,2712,2712,NA,2712,2712
"36403at6656",2970,2970,2970,2970,2970,2970,2970,2970,NA,NA,2970,2970
"3644at6656",NA,6053,6053,NA,NA,NA,NA,6053,NA,6053,NA,NA
"36463at6656",3995,3995,NA,NA,3995,NA,3995,3995,NA,3995,3995,3995
"37030at6656",NA,NA,2740,NA,2740,NA,2740,NA,2740,NA,NA,2740
"37297at6656",3924,NA,3924,NA,3924,NA,3924,3924,3924,NA,3924,3924
"37678at6656",5134,5134,5134,5134,5134,5134,5134,5134,5134,5134,5134,5134
"38140at6656",3619,3619,3619,3619,NA,NA,3619,3619,NA,3619,3619,NA
"38186at6656",6215,6215,6215,6215,NA,NA,6215,6215,6215,6215,6215,6215
"38303at6656",4132,4132,4132,4132,4132,4132,4132,4132,4132,4132,4132,4132
"38391at6656",3476,3476,NA,3476,NA,NA,3476,3476,NA,NA,NA,3476
"38567at6656",4117,4117,4117,NA,4117,NA,4117,4117,4117,NA,4117,NA
"38819at6656",NA,2973,2973,NA,NA,NA,NA,2973,NA,NA,2973,2973
"38928at6656",NA,NA,3110,NA,3110,NA,3110,3110,3110,3110,NA,NA
"39506at6656",3080,3080,3080,NA,3080,NA,3080,3080,3080,3080,3080,NA
"39548at6656",2568,2568,2568,2568,2568,2568,2568,2568,2568,2568,2568,2568
"39783at6656",3092,NA,NA,3092,3092,NA,3092,3092,NA,NA,3092,3092
"39821at6656",NA,NA,3501,NA,NA,3501,NA,NA,NA,NA,3501,NA
"40065at6656",3878,3878,3878,3878,NA,3878,3878,3878,NA,3878,3878,3878
"40092at6656",2456,2456,2456,NA,NA,NA,NA,2456,2456,2456,NA,NA
"40213at6656",2859,2859,2859,2859,2859,2859,2859,2859,2859,2859,2859,2859
"40240at6656",NA,NA,2566,NA,2566,NA,NA,2566,2566,NA,2566,2566
"40323at6656",NA,NA,3139,NA,3139,3139,NA,3139,3139,3139,3139,NA
"40399at6656",NA,3696,3696,3696,NA,3696,3696,3696,3696,NA,3696,NA
"40691at6656",NA,NA,2436,NA,2436,NA,NA,NA,2436,NA,2436,NA
"40929at6656",2905,2905,2905,2905,NA,NA,2905,2905,2905,NA,NA,NA
"4136at6656",6750,6750,6750,6750,6750,NA,6750,6750,6750,NA,6750,6750
"41522at6656",6507,6507,6507,6507,NA,NA,NA,6507,6507,NA,6507,6507
"41990at6656",3541,3541,3541,3541,3541,NA,3541,3541,3541,3541,NA,3541
"4227at6656",NA,3772,3772,NA,NA,NA,3772,3772,3772,NA,3772,NA
"42577at6656",3758,3758,3758,NA,3758,NA,NA,3758,NA,NA,3758,3758
"42622at6656",3924,3924,3924,NA,NA,NA,NA,3924,3924,3924,NA,3924
"42819at6656",4373,4373,4373,4373,4373,4373,4373,4373,4373,4373,4373,4373
"42842at6656",2157,2157,2157,2157,2157,2157,2157,2157,2157,NA,NA,2157
"42929at6656",5119,NA,5119,5119,5119,NA,NA,NA,NA,5119,5119,NA
"42943at6656",4773,4773,4773,4773,NA,4773,4773,4773,4773,NA,4773,4773
"42992at6656",3362,NA,NA,3362,3362,3362,3362,3362,NA,NA,3362,3362
"43045at6656",4315,4315,NA,NA,NA,NA,4315,4315,4315,NA,4315,4315
"43236at6656",NA,5083,5083,NA,5083,5083,5083,5083,5083,NA,5083,5083
"43245at6656",2873,2873,2873,NA,2873,NA,2873,2873,2873,2873,2873,2873
"43540at6656",2801,2801,2801,2801,2801,2801,2801,2801,NA,NA,2801,2801
"43728at6656",3085,NA,3085,NA,3085,NA,3085,3085,NA,NA,3085,3085
"43774at6656",NA,3610,3610,3610,3610,3610,3610,3610,3610,NA,3610,3610
"44001at6656",4036,NA,NA,NA,NA,4036,4036,4036,NA,4036,4036,NA
"44123at6656",5964,5964,5964,5964,5964,5964,5964,5964,5964,5964,5964,5964
"44389at6656",2906,2906,2906,2906,2906,2906,2906,2906,2906,2906,2906,NA
"44504at6656",2540,NA,2540,2540,NA,2540,2540,2540,2540,2540,2540,2540
"44630at6656",3290,3290,3290,3290,3290,NA,3290,3290,3290,3290,3290,3290
"44694at6656",3313,3313,3313,3313,3313,3313,3313,3313,3313,NA,3313,3313
"44953at6656",2991,NA,2991,2991,NA,NA,2991,2991,NA,NA,2991,NA
"45131at6656",2508,NA,2508,2508,NA,NA,2508,2508,NA,NA,NA,NA
"45367at6656",NA,3457,NA,3457,NA,NA,NA,NA,NA,NA,3457,3457
"45528at6656",2876,2876,NA,2876,NA,NA,2876,2876,2876,NA,NA,NA
"45732at6656",2107,2107,2107,2107,2107,NA,2107,NA,2107,NA,NA,2107
"45915at6656",5286,NA,NA,NA,5286,NA,5286,5286,5286,NA,NA,NA
"46430at6656",3099,3099,3099,NA,3099,3099,3099,3099,NA,NA,3099,3099
"46437at6656",3965,3965,3965,NA,3965,3965,3965,3965,NA,3965,3965,3965
"46671at6656",2188,NA,2188,2188,NA,NA,NA,NA,NA,NA,NA,NA
"46679at6656",4716,NA,NA,4716,NA,NA,4716,4716,NA,4716,NA,NA
"46692at6656",3235,3235,3235,3235,3235,3235,NA,3235,NA,3235,3235,3235
"46750at6656",NA,2425,2425,NA,NA,NA,NA,2425,NA,2425,2425,2425
"46960at6656",2390,2390,2390,2390,NA,2390,2390,2390,2390,2390,2390,2390
"47270at6656",7697,7697,7697,7697,7697,7697,7697,7697,7697,7697,7697,7697
"47443at6656",NA,4276,4276,4276,NA,NA,NA,4276,4276,4276,4276,4276
"47495at6656",NA,3453,NA,NA,NA,3453,NA,3453,3453,3453,3453,3453
"47500at6656",NA,3902,NA,3902,NA,NA,NA,3902,NA,NA,NA,NA
"47967at6656",NA,NA,NA,3733,3733,3733,3733,3733,NA,NA,3733,3733
"48195at6656",3906,3906,3906,NA,3906,3906,3906,3906,3906,NA,NA,3906
"48466at6656",4444,4444,4444,NA,4444,NA,4444,4444,4444,NA,4444,4444
"48519at6656",2407,2407,NA,NA,2407,NA,2407,2407,NA,NA,NA,2407
"48657at6656",4694,NA,4694,NA,4694,4694,NA,4694,4694,4694,4694,NA
"48836at6656",4497,4497,4497,NA,4497,NA,NA,4497,4497,4497,NA,4497
"49070at6656",3585,3585,3585,NA,3585,3585,3585,3585,3585,NA,3585,3585
"49526at6656",2362,2362,2362,NA,NA,NA,2362,2362,NA,NA,2362,2362
"49936at6656",5842,5842,5842,5842,5842,5842,5842,5842,5842,NA,5842,5842
"50191at6656",2626,NA,2626,NA,NA,2626,2626,NA,NA,NA,NA,NA
"50493at6656",NA,3842,3842,NA,NA,3842,NA,3842,3842,NA,3842,3842
"50740at6656",2845,2845,2845,2845,2845,2845,2845,2845,2845,2845,2845,2845
"50792at6656",3364,3364,3364,3364,3364,3364,3364,3364,3364,3364,3364,3364
"50947at6656",2712,NA,2712,2712,NA,2712,2712,2712,NA,NA,2712,2712
"51037at6656",3502,3502,3502,3502,3502,NA,NA,3502,3502,NA,3502,3502
"51364at6656",NA,NA,NA,NA,2864,NA,NA,NA,2864,NA,NA,2864
"51757at6656",4428,4428,4428,4428,4428,4428,4428,4428,4428,4428,4428,4428
"52210at6656",3026,3026,3026,NA,3026,NA,3026,3026,NA,3026,3026,NA
"52224at6656",2177,NA,NA,NA,NA,2177,2177,2177,NA,2177,2177,2177
"52320at6656",3870,NA,3870,NA,3870,NA,NA,3870,NA,NA,3870,3870
"52422at6656",1975,1975,1975,1975,1975,NA,1975,1975,NA,1975,1975,1975
"5277at6656",2769,NA,NA,NA,2769,NA,2769,NA,NA,NA,2769,NA
"52828at6656",1781,1781,1781,NA,1781,NA,1781,NA,NA,NA,1781,1781
"53201at6656",3058,3058,3058,3058,3058,NA,3058,3058,3058,NA,3058,NA
"53243at6656",2179,2179,2179,NA,2179,NA,NA,2179,2179,2179,2179,NA
"53298at6656",5107,5107,5107,5107,5107,5107,5107,5107,5107,5107,5107,5107
"53318at6656",2025,2025,2025,2025,NA,2025,2025,2025,NA,NA,NA,NA
"53993at6656",NA,NA,2868,2868,NA,2868,2868,2868,2868,2868,NA,2868
"54236at6656",NA,NA,NA,NA,NA,2613,2613,2613,NA,NA,2613,2613
"54527at6656",2573,NA,2573,NA,2573,2573,2573,NA,2573,2573,2573,2573
"54679at6656",3471,NA,3471,NA,NA,NA,3471,3471,NA,NA,3471,3471
"55036at6656",4250,4250,4250,NA,4250,NA,4250,4250,NA,NA,NA,4250
"55094at6656",2811,2811,2811,2811,2811,2811,2811,2811,2811,NA,2811,2811
"55108at6656",3127,3127,3127,3127,3127,3127,3127,3127,3127,3127,3127,3127
"55260at6656",2353,NA,2353,NA,2353,NA,2353,NA,2353,2353,2353,2353
"55417at6656",NA,NA,NA,NA,NA,NA,NA,5478,NA,NA,5478,NA
"55450at6656",3179,3179,3179,NA,3179,NA,NA,3179,3179,3179,3179,3179
"55599at6656",3526,3526,3526,3526,3526,3526,3526,3526,3526,NA,3526,3526
"55847at6656",3179,3179,3179,3179,NA,NA,NA,3179,NA,NA,3179,NA
"56010at6656",2785,2785,2785,2785,2785,2785,2785,2785,2785,2785,2785,2785
"5616at6656",NA,5819,5819,5819,5819,5819,5819,5819,5819,NA,5819,5819
"56322at6656",3327,3327,3327,NA,3327,NA,NA,3327,NA,NA,3327,NA
"56449at6656",NA,NA,5370,NA,5370,5370,NA,5370,NA,NA,5370,NA
"56523at6656",NA,NA,NA,2177,NA,2177,NA,NA,NA,NA,NA,NA
"56687at6656",2509,NA,NA,NA,2509,NA,NA,2509,NA,2509,2509,NA
"56836at6656",3348,NA,3348,NA,3348,3348,3348,3348,3348,3348,3348,3348
"57262at6656",2563,2563,2563,2563,NA,NA,NA,2563,2563,NA,NA,2563
"57597at6656",3783,3783,3783,3783,3783,NA,3783,3783,3783,3783,3783,NA
"57624at6656",3539,NA,3539,NA,NA,NA,3539,3539,NA,NA,NA,NA
"57932at6656",NA,2836,2836,2836,2836,2836,NA,2836,2836,2836,2836,NA
"58012at6656",NA,2231,2231,NA,NA,NA,NA,NA,NA,2231,NA,NA
"58027at6656",2691,NA,NA,NA,NA,NA,NA,NA,NA,NA,2691,2691
"58110at6656",2108,2108,2108,2108,2108,2108,2108,2108,2108,NA,NA,2108
"58119at6656",2817,NA,2817,2817,2817,NA,2817,NA,2817,2817,2817,2817
"58276at6656",NA,NA,1946,NA,NA,NA,1946,1946,NA,NA,1946,NA
"59084at6656",2270,2270,2270,NA,2270,2270,2270,2270,2270,2270,2270,2270
"59193at6656",2698,NA,2698,NA,NA,NA,NA,NA,NA,NA,2698,NA
"59197at6656",3498,3498,NA,3498,3498,3498,3498,3498,3498,3498,3498,3498
"59200at6656",4739,4739,4739,4739,4739,4739,4739,4739,4739,4739,4739,4739
"59226at6656",NA,NA,2456,NA,NA,NA,NA,2456,NA,NA,NA,NA
"59393at6656",2766,2766,2766,NA,NA,NA,2766,2766,2766,NA,2766,2766
"59430at6656",NA,NA,NA,1947,NA,NA,NA,NA,NA,NA,1947,NA
"59681at6656",2546,2546,2546,NA,2546,2546,2546,2546,2546,2546,2546,2546
"59824at6656",2066,NA,2066,NA,2066,2066,2066,2066,2066,2066,2066,2066
"59833at6656",2580,2580,2580,NA,2580,NA,2580,2580,2580,2580,2580,2580
"60067at6656",3055,NA,3055,3055,NA,NA,3055,3055,3055,NA,3055,3055
"60299at6656",3624,3624,NA,3624,3624,3624,NA,NA,3624,3624,3624,3624
"60333at6656",2435,2435,2435,2435,2435,2435,2435,2435,2435,NA,NA,2435
"60356at6656",NA,NA,3815,NA,NA,3815,NA,3815,NA,NA,3815,NA
"60468at6656",3956,3956,3956,NA,3956,NA,3956,NA,NA,3956,3956,3956
"60682at6656",2576,2576,2576,2576,2576,2576,2576,2576,2576,NA,2576,NA
"60729at6656",2863,2863,2863,2863,2863,2863,2863,2863,2863,2863,2863,2863
"60750at6656",4041,NA,4041,NA,NA,NA,NA,NA,NA,NA,4041,NA
"60762at6656",2052,2052,NA,2052,2052,NA,2052,2052,NA,NA,2052,NA
"61081at6656",2501,2501,2501,NA,2501,NA,2501,2501,2501,NA,NA,2501
"61096at6656",3780,3780,3780,NA,3780,3780,3780,3780,3780,NA,3780,3780
"61153at6656",2985,2985,2985,2985,2985,2985,2985,2985,2985,NA,2985,2985
"61180at6656",NA,3198,NA,3198,NA,NA,NA,NA,NA,3198,NA,3198
"61261at6656",2765,NA,NA,NA,NA,NA,2765,2765,NA,NA,NA,NA
"61577at6656",NA,NA,NA,2590,2590,NA,NA,NA,2590,2590,2590,2590
"61612at6656",4984,NA,4984,4984,NA,NA,4984,4984,4984,NA,4984,4984
"62010at6656",3078,3078,3078,3078,3078,3078,NA,3078,3078,3078,3078,3078
"62275at6656",2213,2213,2213,NA,NA,NA,NA,NA,NA,NA,2213,NA
"62678at6656",NA,5100,5100,NA,NA,NA,NA,5100,5100,NA,5100,NA
"62979at6656",3841,NA,3841,3841,3841,NA,NA,3841,NA,NA,3841,NA
"63193at6656",2988,2988,2988,2988,2988,2988,2988,2988,2988,NA,2988,2988
"63228at6656",2075,2075,2075,2075,2075,NA,2075,2075,2075,NA,2075,2075
"63923at6656",NA,NA,2371,NA,NA,NA,NA,NA,NA,NA,2371,2371
"63924at6656",2743,2743,2743,NA,2743,2743,2743,2743,2743,NA,2743,2743
"64046at6656",5817,5817,5817,5817,5817,NA,5817,NA,5817,NA,5817,5817
"6453at6656",5741,5741,NA,5741,NA,NA,5741,5741,5741,NA,5741,5741
"64896at6656",NA,NA,NA,NA,2622,NA,NA,2622,2622,NA,2622,NA
"65490at6656",NA,NA,2640,NA,NA,NA,2640,NA,2640,NA,2640,2640
"65508at6656",2894,NA,2894,NA,2894,2894,2894,2894,2894,2894,2894,2894
"65532at6656",3854,3854,NA,NA,NA,NA,3854,3854,NA,NA,3854,3854
"6563at6656",5687,5687,5687,5687,5687,NA,5687,5687,5687,NA,5687,5687
"65949at6656",2505,2505,2505,2505,2505,2505,2505,2505,2505,2505,2505,2505
"66028at6656",NA,NA,2594,NA,NA,NA,2594,NA,NA,NA,2594,NA
"66229at6656",2840,NA,2840,NA,2840,NA,2840,2840,NA,NA,2840,2840
"66299at6656",NA,2256,2256,2256,2256,2256,NA,2256,NA,2256,2256,2256
"66366at6656",3204,3204,3204,3204,3204,3204,3204,3204,3204,NA,3204,3204
"66597at6656",3880,3880,3880,3880,3880,3880,3880,3880,3880,3880,3880,3880
"66770at6656",NA,NA,4847,4847,4847,NA,4847,4847,4847,NA,4847,4847
"67113at6656",3719,3719,3719,3719,3719,NA,3719,NA,3719,NA,3719,3719
"6715at6656",5278,5278,5278,NA,NA,5278,NA,5278,5278,NA,5278,NA
"67166at6656",5267,5267,5267,5267,5267,5267,5267,5267,5267,5267,5267,5267
"67191at6656",5044,5044,5044,5044,5044,NA,5044,5044,5044,5044,5044,5044
"67491at6656",NA,NA,NA,NA,NA,NA,2659,2659,NA,NA,2659,NA
"67583at6656",2598,NA,NA,NA,2598,NA,NA,2598,NA,NA,2598,2598
"6820at6656",4575,NA,4575,NA,4575,NA,4575,4575,NA,4575,4575,4575
"68468at6656",3264,NA,3264,NA,NA,3264,3264,3264,NA,3264,3264,3264
"68491at6656",NA,NA,NA,NA,NA,NA,2004,2004,NA,NA,NA,2004
"68731at6656",4461,4461,4461,4461,4461,NA,4461,4461,NA,NA,4461,NA
"68876at6656",4876,4876,4876,NA,4876,4876,4876,4876,4876,4876,4876,4876
"68939at6656",4290,4290,4290,4290,4290,4290,NA,4290,4290,NA,4290,4290
"68961at6656",2321,2321,2321,NA,2321,NA,2321,2321,NA,2321,2321,NA
"68981at6656",2444,2444,2444,NA,2444,NA,2444,2444,NA,NA,NA,2444
"68987at6656",2338,NA,2338,2338,2338,NA,2338,2338,2338,2338,2338,NA
"69201at6656",2907,2907,2907,2907,NA,2907,NA,NA,2907,NA,2907,2907
"69284at6656",NA,NA,NA,NA,NA,1676,NA,NA,NA,NA,1676,NA
"69394at6656",2906,2906,2906,2906,2906,2906,2906,2906,2906,2906,2906,2906
"69403at6656",NA,NA,NA,NA,NA,NA,NA,1861,NA,NA,1861,NA
"69742at6656",3484,3484,3484,3484,3484,3484,3484,3484,3484,3484,3484,3484
"69897at6656",7709,NA,7709,7709,7709,7709,NA,7709,7709,NA,7709,NA
"70078at6656",2479,NA,2479,NA,2479,2479,2479,2479,2479,NA,2479,2479
"70201at6656",3696,3696,3696,NA,3696,3696,NA,3696,3696,3696,3696,3696
"70550at6656",2141,NA,2141,2141,2141,NA,2141,2141,NA,NA,2141,NA
"70663at6656",NA,5232,5232,5232,5232,5232,5232,5232,5232,5232,5232,5232
"71018at6656",2657,2657,2657,NA,2657,NA,2657,2657,NA,2657,2657,2657
"71110at6656",2421,2421,2421,2421,2421,NA,2421,2421,2421,2421,2421,NA
"71129at6656",NA,NA,1281,NA,NA,NA,NA,1281,NA,NA,NA,NA
"71199at6656",3530,3530,3530,NA,3530,NA,3530,3530,3530,3530,3530,3530
"71230at6656",NA,NA,NA,NA,2539,NA,NA,2539,NA,NA,2539,NA
"71251at6656",5095,NA,5095,NA,5095,NA,NA,5095,NA,NA,5095,5095
"71483at6656",2109,2109,NA,NA,NA,NA,NA,NA,NA,2109,2109,NA
"71937at6656",NA,NA,NA,NA,2461,NA,NA,2461,2461,NA,2461,NA
"7210at6656",3267,NA,NA,NA,NA,NA,NA,3267,NA,3267,NA,3267
"72450at6656",4588,4588,4588,NA,NA,NA,NA,NA,4588,NA,NA,NA
"72578at6656",NA,NA,NA,NA,NA,NA,3145,NA,NA,3145,NA,NA
"72583at6656",NA,NA,NA,NA,NA,NA,NA,2077,NA,NA,2077,NA
"72586at6656",3174,3174,3174,NA,3174,NA,3174,3174,3174,3174,3174,3174
"72782at6656",NA,3457,3457,3457,3457,NA,3457,3457,3457,NA,3457,3457
"72857at6656",3365,3365,3365,3365,3365,3365,3365,3365,3365,NA,3365,3365
"73084at6656",2589,2589,2589,2589,2589,2589,2589,2589,2589,2589,2589,2589
"73301at6656",2411,2411,2411,2411,2411,2411,2411,2411,2411,2411,2411,2411
"73455at6656",4763,4763,4763,4763,4763,NA,4763,4763,4763,NA,4763,NA
"73456at6656",3312,3312,3312,3312,3312,NA,3312,3312,3312,NA,3312,3312
"73547at6656",2298,NA,2298,2298,NA,2298,2298,2298,NA,NA,NA,2298
"74030at6656",3587,3587,3587,NA,3587,NA,NA,NA,NA,3587,NA,NA
"74384at6656",NA,NA,2132,NA,NA,NA,2132,2132,NA,NA,2132,NA
"74655at6656",NA,NA,NA,NA,NA,NA,NA,NA,NA,2475,NA,2475
"74692at6656",3200,NA,3200,NA,3200,3200,3200,3200,3200,NA,3200,3200
"74836at6656",3645,3645,3645,NA,3645,3645,3645,3645,3645,3645,3645,3645
"75692at6656",3052,3052,3052,3052,3052,NA,3052,3052,3052,3052,3052,3052
"75704at6656",NA,NA,NA,1783,NA,NA,1783,1783,1783,1783,1783,1783
"75764at6656",NA,NA,3452,NA,NA,NA,NA,NA,NA,NA,3452,NA
"75982at6656",2609,2609,2609,2609,2609,NA,2609,2609,2609,NA,2609,2609
"76308at6656",NA,NA,NA,1792,NA,1792,1792,1792,NA,NA,1792,1792
"76342at6656",2477,2477,2477,2477,2477,2477,2477,2477,2477,2477,2477,2477
"76573at6656",4464,NA,4464,NA,4464,NA,NA,4464,4464,NA,4464,NA
"76745at6656",NA,NA,1731,NA,1731,NA,1731,1731,1731,NA,1731,1731
"77197at6656",NA,2654,2654,NA,2654,NA,2654,2654,NA,2654,2654,2654
"774at6656",9597,9597,9597,9597,NA,NA,9597,9597,9597,9597,NA,9597
"77688at6656",NA,NA,3608,NA,NA,NA,3608,NA,NA,NA,3608,3608
"77770at6656",2699,2699,2699,2699,NA,2699,2699,2699,2699,2699,2699,2699
"77883at6656",2413,NA,2413,2413,2413,2413,2413,2413,2413,2413,2413,2413
"77976at6656",4109,4109,4109,NA,4109,4109,4109,4109,4109,4109,4109,4109
"77987at6656",3940,3940,3940,NA,3940,NA,3940,3940,3940,3940,3940,3940
"78110at6656",3385,NA,3385,3385,3385,NA,NA,3385,3385,3385,3385,NA
"78202at6656",5470,5470,5470,NA,NA,NA,NA,NA,NA,5470,5470,5470
"78254at6656",NA,NA,NA,NA,NA,NA,NA,1891,NA,NA,1891,NA
"78695at6656",2952,NA,NA,NA,NA,NA,NA,NA,NA,2952,2952,NA
"78758at6656",3502,3502,3502,3502,3502,NA,3502,3502,3502,3502,3502,3502
"78777at6656",NA,NA,NA,NA,NA,1329,NA,NA,NA,NA,1329,NA
"78844at6656",NA,NA,2107,NA,NA,NA,NA,NA,NA,2107,NA,NA
"78854at6656",3812,3812,3812,3812,3812,3812,3812,NA,NA,3812,3812,NA
"78919at6656",4412,4412,4412,4412,4412,4412,4412,4412,4412,4412,4412,4412
"78921at6656",2762,NA,2762,2762,2762,2762,NA,2762,2762,NA,2762,2762
"78947at6656",2010,2010,2010,NA,2010,2010,2010,2010,NA,NA,2010,2010
"78968at6656",2012,NA,NA,NA,NA,NA,NA,2012,NA,2012,2012,NA
"79241at6656",1970,1970,1970,NA,1970,NA,1970,1970,NA,1970,NA,1970
"79377at6656",NA,1852,1852,1852,1852,1852,NA,1852,NA,1852,1852,1852
"79915at6656",2692,2692,2692,NA,2692,2692,2692,2692,NA,NA,2692,NA
"79993at6656",NA,NA,NA,NA,NA,3664,NA,NA,NA,NA,3664,NA
"80067at6656",1781,1781,1781,1781,1781,1781,1781,1781,1781,NA,1781,1781
"80294at6656",3558,NA,3558,3558,3558,NA,3558,3558,3558,NA,NA,3558
"80317at6656",4127,4127,4127,NA,NA,4127,4127,4127,NA,4127,4127,4127
"80348at6656",NA,NA,3148,3148,3148,NA,3148,3148,NA,NA,3148,NA
"80689at6656",5267,NA,NA,NA,NA,NA,NA,NA,5267,5267,5267,NA
"80693at6656",NA,NA,NA,3017,NA,3017,NA,NA,NA,NA,3017,NA
"80948at6656",4106,NA,4106,4106,4106,NA,4106,4106,4106,4106,NA,4106
"81292at6656",2855,NA,2855,2855,NA,NA,NA,2855,2855,2855,2855,2855
"81307at6656",1765,1765,1765,1765,1765,1765,1765,NA,1765,NA,1765,NA
"81406at6656",NA,2488,2488,2488,2488,2488,2488,2488,2488,2488,2488,NA
"81413at6656",3354,3354,NA,NA,3354,NA,NA,3354,NA,3354,NA,3354
"8145at6656",4020,4020,4020,NA,NA,4020,4020,4020,NA,4020,4020,4020
"81650at6656",1843,1843,1843,1843,1843,1843,1843,1843,1843,1843,1843,1843
"81703at6656",2794,NA,2794,2794,2794,NA,2794,2794,NA,2794,2794,2794
"81708at6656",NA,NA,NA,NA,NA,NA,2394,NA,NA,NA,2394,NA
"81919at6656",2792,2792,2792,NA,2792,2792,2792,2792,2792,NA,2792,NA
"81950at6656",1914,NA,1914,NA,NA,NA,1914,1914,1914,NA,1914,NA
"83102at6656",2536,2536,2536,2536,2536,2536,2536,2536,2536,2536,2536,NA
"83303at6656",3416,3416,3416,3416,3416,3416,3416,3416,3416,3416,3416,3416
"83350at6656",NA,NA,2770,NA,2770,NA,NA,2770,NA,NA,NA,2770
"83372at6656",4488,4488,4488,4488,4488,4488,4488,4488,4488,4488,4488,4488
"83376at6656",NA,2677,2677,NA,2677,2677,2677,2677,2677,NA,2677,NA
"83613at6656",1638,1638,1638,1638,1638,NA,NA,1638,NA,NA,1638,NA
"83673at6656",2704,NA,2704,2704,2704,NA,2704,2704,2704,NA,2704,2704
"83755at6656",3326,NA,3326,3326,3326,NA,NA,3326,3326,NA,3326,3326
"84097at6656",6091,6091,6091,6091,6091,6091,6091,6091,6091,6091,6091,6091
"84149at6656",2612,2612,2612,2612,2612,NA,NA,2612,2612,2612,2612,2612
"84169at6656",2151,2151,2151,NA,2151,2151,2151,2151,2151,2151,2151,2151
"84422at6656",2568,2568,2568,2568,2568,2568,2568,2568,2568,2568,2568,2568
"84576at6656",3786,3786,3786,NA,3786,3786,3786,3786,3786,3786,3786,3786
"84819at6656",2512,NA,2512,NA,2512,2512,NA,NA,2512,NA,2512,NA
"84925at6656",NA,NA,2644,NA,2644,NA,NA,2644,2644,NA,2644,NA
"8495at6656",4838,4838,4838,4838,4838,NA,4838,4838,4838,4838,NA,NA
"85103at6656",NA,NA,NA,NA,NA,NA,NA,4697,NA,NA,4697,NA
"85509at6656",2279,2279,2279,2279,2279,2279,2279,2279,2279,2279,2279,2279
"85574at6656",3798,3798,3798,NA,3798,NA,3798,3798,NA,NA,3798,3798
"85680at6656",2730,NA,2730,2730,2730,NA,2730,2730,2730,NA,2730,NA
"85810at6656",4041,4041,4041,NA,4041,4041,4041,4041,NA,NA,NA,NA
"86262at6656",3396,3396,3396,NA,3396,NA,NA,NA,NA,NA,3396,3396
"86318at6656",2483,2483,2483,NA,NA,NA,NA,2483,NA,2483,NA,2483
"86488at6656",NA,NA,NA,NA,1913,NA,NA,1913,NA,NA,1913,1913
"86654at6656",2289,NA,2289,2289,2289,NA,NA,NA,2289,NA,2289,NA
"86715at6656",3017,3017,3017,3017,3017,NA,3017,3017,3017,3017,NA,3017
"86889at6656",NA,2764,2764,2764,NA,NA,2764,2764,2764,NA,2764,NA
"87014at6656",2023,2023,2023,2023,2023,2023,2023,2023,NA,NA,2023,2023
"87089at6656",NA,NA,NA,2539,2539,NA,NA,2539,2539,NA,2539,NA
"87114at6656",2824,NA,NA,2824,NA,NA,NA,NA,NA,NA,2824,NA
"87139at6656",3070,3070,3070,3070,3070,NA,3070,3070,3070,3070,NA,NA
"87142at6656",NA,2142,2142,NA,NA,NA,NA,2142,2142,2142,2142,NA
"87527at6656",2716,2716,2716,NA,2716,NA,2716,2716,NA,2716,2716,NA
"87575at6656",1948,NA,NA,1948,1948,1948,1948,NA,NA,NA,1948,NA
"87695at6656",4588,4588,4588,4588,4588,NA,NA,4588,4588,NA,4588,NA
"87728at6656",2542,NA,2542,2542,2542,2542,2542,2542,2542,NA,2542,2542
"87910at6656",NA,NA,NA,NA,2356,2356,NA,NA,NA,NA,NA,NA
"87928at6656",3471,3471,3471,3471,3471,3471,3471,3471,3471,NA,3471,3471
"87933at6656",1988,1988,1988,NA,1988,NA,1988,1988,1988,1988,NA,1988
"88051at6656",1018,NA,NA,NA,NA,1018,NA,1018,NA,NA,1018,1018
"8847at6656",NA,NA,NA,NA,NA,NA,NA,4976,4976,NA,NA,4976
"88711at6656",2622,2622,2622,2622,NA,2622,2622,2622,2622,NA,2622,NA
"89064at6656",1745,1745,1745,1745,1745,NA,1745,1745,1745,NA,1745,1745
"8913at6656",5619,5619,5619,5619,5619,5619,5619,5619,5619,NA,5619,5619
"89153at6656",NA,8076,8076,NA,8076,NA,8076,8076,8076,8076,8076,8076
"89677at6656",3479,NA,3479,NA,3479,NA,NA,3479,3479,NA,3479,3479
"89713at6656",NA,NA,3660,NA,3660,3660,3660,3660,3660,3660,3660,NA
"89810at6656",3037,NA,NA,NA,3037,NA,NA,3037,NA,NA,3037,NA
"89864at6656",2093,2093,2093,2093,NA,NA,2093,2093,2093,2093,2093,2093
"90126at6656",2541,NA,2541,2541,NA,NA,2541,2541,2541,NA,2541,NA
"90322at6656",NA,4257,4257,4257,4257,NA,4257,4257,4257,4257,NA,NA
"90580at6656",3022,3022,3022,3022,3022,NA,3022,3022,3022,NA,3022,3022
"90600at6656",3512,3512,3512,3512,3512,3512,3512,3512,3512,3512,3512,NA
"90822at6656",2616,2616,2616,NA,2616,NA,2616,NA,2616,2616,2616,NA
"90931at6656",NA,3441,3441,NA,3441,3441,3441,3441,NA,3441,3441,NA
"91002at6656",1894,1894,1894,1894,1894,1894,1894,1894,1894,1894,1894,1894
"91005at6656",3814,3814,3814,NA,3814,NA,NA,3814,3814,NA,NA,3814
"91022at6656",3583,NA,3583,NA,3583,3583,NA,NA,NA,3583,3583,3583
"91313at6656",1739,1739,1739,NA,1739,1739,1739,1739,1739,NA,1739,1739
"91418at6656",1217,NA,1217,NA,NA,NA,NA,NA,1217,NA,1217,NA
"91468at6656",NA,NA,1935,1935,NA,1935,1935,NA,NA,1935,1935,NA
"91933at6656",1786,1786,1786,1786,1786,NA,NA,NA,NA,NA,1786,NA
"92167at6656",3918,3918,3918,3918,3918,3918,3918,3918,3918,3918,3918,3918
"92184at6656",NA,2625,2625,2625,2625,NA,2625,2625,2625,NA,2625,NA
"92420at6656",2833,2833,2833,2833,2833,2833,2833,2833,2833,2833,2833,2833
"92576at6656",4458,4458,4458,4458,4458,4458,4458,4458,4458,NA,4458,4458
"92777at6656",2326,2326,2326,NA,NA,NA,NA,2326,NA,2326,NA,NA
"92854at6656",3339,3339,3339,3339,3339,3339,3339,3339,NA,NA,3339,3339
"93061at6656",3115,3115,3115,3115,3115,NA,3115,3115,3115,NA,3115,NA
"93085at6656",4934,NA,4934,NA,4934,NA,4934,NA,4934,4934,4934,4934
"93152at6656",3532,NA,3532,NA,NA,NA,3532,3532,NA,NA,3532,NA
"93408at6656",NA,NA,NA,NA,NA,1289,NA,NA,NA,NA,1289,NA
"93432at6656",4500,4500,4500,4500,4500,NA,4500,4500,4500,NA,4500,4500
"93483at6656",2865,2865,2865,2865,2865,NA,2865,2865,2865,NA,2865,NA
"93507at6656",2050,NA,NA,2050,2050,NA,NA,NA,2050,NA,NA,2050
"93535at6656",2533,2533,2533,2533,2533,2533,2533,2533,2533,2533,2533,2533
"93797at6656",NA,5512,5512,5512,5512,5512,NA,5512,5512,5512,5512,NA
"94054at6656",4071,4071,4071,4071,4071,4071,4071,4071,4071,4071,4071,4071
"94238at6656",2925,2925,2925,NA,2925,2925,2925,2925,NA,NA,2925,2925
"94263at6656",1714,1714,1714,1714,1714,1714,1714,1714,1714,NA,NA,1714
"94304at6656",1970,1970,1970,NA,1970,1970,1970,1970,NA,1970,1970,1970
"94473at6656",3130,3130,3130,3130,3130,3130,3130,3130,3130,3130,3130,3130
"94476at6656",4021,NA,4021,4021,4021,NA,4021,4021,NA,NA,4021,NA
"94842at6656",2422,2422,2422,NA,2422,2422,2422,2422,NA,NA,2422,2422
"94878at6656",2479,2479,2479,2479,2479,2479,2479,2479,2479,2479,2479,2479
"95028at6656",4117,4117,4117,NA,4117,NA,4117,4117,4117,4117,4117,4117
"95089at6656",2346,2346,2346,2346,2346,NA,NA,2346,2346,NA,2346,2346
"95294at6656",2513,2513,2513,2513,2513,NA,2513,2513,2513,2513,2513,2513
"95524at6656",NA,NA,2165,NA,NA,NA,2165,NA,NA,NA,2165,NA
"96251at6656",3248,3248,3248,3248,3248,3248,3248,3248,3248,NA,3248,3248
"96444at6656",1996,1996,1996,1996,1996,NA,1996,1996,1996,NA,1996,1996
"9647at6656",6972,6972,6972,NA,NA,NA,6972,6972,NA,NA,NA,6972
"9648at6656",6779,6779,NA,NA,NA,NA,6779,6779,NA,6779,6779,6779
"96569at6656",NA,NA,NA,NA,NA,NA,NA,2282,NA,2282,2282,2282
"96592at6656",1451,1451,1451,1451,1451,1451,1451,1451,1451,1451,1451,1451
"96601at6656",2133,2133,2133,2133,2133,NA,2133,NA,2133,NA,2133,2133
"96956at6656",1827,NA,NA,NA,1827,NA,1827,1827,1827,NA,1827,1827
"96971at6656",1937,1937,1937,1937,1937,NA,1937,NA,1937,NA,1937,1937
"97225at6656",4236,4236,NA,4236,4236,NA,4236,4236,4236,4236,4236,4236
"97492at6656",2205,2205,2205,2205,2205,NA,2205,2205,2205,2205,2205,NA
"97749at6656",NA,3413,3413,3413,3413,NA,NA,3413,NA,NA,3413,3413
"97763at6656",3883,3883,3883,3883,3883,NA,3883,3883,NA,3883,3883,3883
"97865at6656",NA,NA,1895,1895,NA,1895,1895,1895,1895,NA,1895,1895
"98066at6656",1776,NA,1776,1776,1776,NA,NA,1776,1776,NA,1776,1776
"98620at6656",2408,NA,2408,2408,2408,NA,2408,2408,NA,NA,2408,2408
"98725at6656",4625,4625,4625,4625,4625,NA,4625,4625,4625,NA,4625,4625
"98755at6656",2525,2525,NA,NA,2525,2525,NA,2525,NA,NA,2525,NA
"98821at6656",2825,NA,2825,2825,2825,2825,2825,2825,2825,NA,2825,2825
"98845at6656",2656,2656,2656,NA,2656,2656,2656,2656,2656,2656,2656,2656
"98927at6656",2565,2565,2565,2565,2565,2565,2565,2565,2565,2565,2565,2565
"98948at6656",NA,2520,2520,NA,2520,2520,NA,2520,2520,2520,2520,2520
"99204at6656",2606,NA,2606,2606,2606,2606,2606,2606,NA,NA,2606,2606
"99270at6656",2572,NA,2572,NA,2572,2572,2572,2572,2572,2572,2572,NA
"99307at6656",2847,2847,2847,2847,2847,NA,2847,2847,2847,2847,2847,2847
"99377at6656",3458,3458,NA,3458,3458,3458,3458,3458,3458,3458,3458,3458
"99519at6656",1953,1953,1953,1953,1953,1953,1953,1953,1953,1953,1953,1953
"99625at6656",2917,2917,2917,2917,2917,2917,2917,2917,2917,NA,2917,2917
"997at6656",8903,8903,8903,8903,8903,8903,8903,8903,8903,NA,8903,8903
